"Canada Vancouver, 2010, Symposium, OSDI","OSDI 2010, Symposium, Vancouver Canada"
"Symposium: UIST 1997, Banff Canada","UIST 1997, Symposium, Banff Canada"
"USA New Brunswick, 1994, Conference, COLT","COLT 1994, Conference, New Brunswick USA"
"UK Edinburgh, 2006, Conference, WWW","WWW 2006, Conference, Edinburgh UK"
"2006 UIST (Symposium) in Montreux, Switzerland","UIST 2006, Symposium, Montreux Switzerland"
"2013 AAAI (Conference) in Bellevue, USA","AAAI 2013, Conference, Bellevue USA"
"1995 IJCAI (Conference) in Montral, Canada","IJCAI 1995, Conference, Montral Canada"
"Symposium: S&P 1987, Oakland USA","S&P 1987, Symposium, Oakland USA"
"Germany Berlin, 2012, Conference, EDBT","EDBT 2012, Conference, Berlin Germany"
"USA Tucson, 1997, Conference, PODS","PODS 1997, Conference, Tucson USA"
"1987 IJCAI (Conference) in Milan, Italy","IJCAI 1987, Conference, Milan Italy"
"2011 OOPSLA (Conference) in Portland, USA","OOPSLA 2011, Conference, Portland USA"
"USA Denver, 1992, Conference, NIPS","NIPS 1992, Conference, Denver USA"
"2013 UIST (Symposium) in St Andrews, UK","UIST 2013, Symposium, St Andrews UK"
"Symposium: S&P 2007, Oakland USA","S&P 2007, Symposium, Oakland USA"
"Symposium: PODC 1999, Atlanta USA","PODC 1999, Symposium, Atlanta USA"
"USA Bellevue, 2013, Conference, AAAI","AAAI 2013, Conference, Bellevue USA"
"Germany Bonn, 2005, Conference, IEEE VR","IEEE VR 2005, Conference, Bonn Germany"
"1995 HPCA (Conference) in Raleigh, USA","HPCA 1995, Conference, Raleigh USA"
"Conference: AAAI 2014, Qubec Canada","AAAI 2014, Conference, Qubec Canada"
"USA New Orleans, 1999, Symposium, OSDI","OSDI 1999, Symposium, New Orleans USA"
"USA Palo Alto, 1975, Symposium, POPL","POPL 1975, Symposium, Palo Alto USA"
"Conference: ECML PKDD 2010, Barcelona Spain","ECML PKDD 2010, Conference, Barcelona Spain"
"Austria Vienna, 2007, Conference, VLDB","VLDB 2007, Conference, Vienna Austria"
"2005 POPL (Symposium) in Long Beach, USA","POPL 2005, Symposium, Long Beach USA"
"Symposium: PODC 1987, Vancouver Canada","PODC 1987, Symposium, Vancouver Canada"
"Conference: HPCA 2012, New Orleans USA","HPCA 2012, Conference, New Orleans USA"
"USA Boston, 1973, Symposium, POPL","POPL 1973, Symposium, Boston USA"
"Symposium: UIST 2004, Santa Fe USA","UIST 2004, Symposium, Santa Fe USA"
"1986 OOPSLA (Conference) in Portland, USA","OOPSLA 1986, Conference, Portland USA"
"Canada Banff, 2007, Conference, WWW","WWW 2007, Conference, Banff Canada"
"2002 ISMAR (Symposium) in Darmstadt, Germany","ISMAR 2002, Symposium, Darmstadt Germany"
"1994 KR (Conference) in Bonn, Germany","KR 1994, Conference, Bonn Germany"
"Conference: DSN 2017, Denver USA","DSN 2017, Conference, Denver USA"
"USA Seattle, 1987, Conference, AAAI","AAAI 1987, Conference, Seattle USA"
"Japan Hiroshima, 2004, Conference, ISWC","ISWC 2004, Conference, Hiroshima Japan"
"Norway Trondheim, 1997, Conference, PKDD","PKDD 1997, Conference, Trondheim Norway"
"Conference: PLDI 1990, White Plains USA","PLDI 1990, Conference, White Plains USA"
"1996 ISCA (Symposium) in Philadephia, USA","ISCA 1996, Symposium, Philadephia USA"
"2009 ESWC (Conference) in Heraklion, Greece","ESWC 2009, Conference, Heraklion Greece"
"Symposium: UIST 1994, Marina del Rey USA","UIST 1994, Symposium, Marina del Rey USA"
"1983 EuroCrypt (Conference) in Udine, Italy","EuroCrypt 1983, Conference, Udine Italy"
"2015 WWW (Conference) in Florence, Italy","WWW 2015, Conference, Florence Italy"
"China Xi'an, 2017, Conference, ASPLOS","ASPLOS 2017, Conference, Xi'an China"
"Conference: CVPR 1999, Ft. Collins USA","CVPR 1999, Conference, Ft. Collins USA"
"Turkey Istanbul, 2015, Conference, ASPLOS","ASPLOS 2015, Conference, Istanbul Turkey"
"Netherlands Amsterdam, 2000, Conference, WWW","WWW 2000, Conference, Amsterdam Netherlands"
"Conference: KR 1996, Cambridge USA","KR 1996, Conference, Cambridge USA"
"2017 DSN (Conference) in Denver, USA","DSN 2017, Conference, Denver USA"
"Conference: PODS 1985, Portland USA","PODS 1985, Conference, Portland USA"
"Spain Barcelona, 2016, Conference, HPCA","HPCA 2016, Conference, Barcelona Spain"
"2008 KR (Conference) in Sydney, Australia","KR 2008, Conference, Sydney Australia"
"Canada Toronto, 2010, Conference, KR","KR 2010, Conference, Toronto Canada"
"1989 VLDB (Conference) in Amsterdam, Netherlands","VLDB 1989, Conference, Amsterdam Netherlands"
"Portugal Coimbra, 2016, Conference, IJCAR","IJCAR 2016, Conference, Coimbra Portugal"
"Sapin Barcelona, 1998, Symposium, ISCA","ISCA 1998, Symposium, Barcelona Sapin"
"2000 NIPS (Conference) in Denver, USA","NIPS 2000, Conference, Denver USA"
"2000 OOPSLA (Conference) in Minneapolis, USA","OOPSLA 2000, Conference, Minneapolis USA"
"Symposium: PODC 1996, Philadelphia USA","PODC 1996, Symposium, Philadelphia USA"
"2005 NIPS (Conference) in Vancouver, Canada","NIPS 2005, Conference, Vancouver Canada"
"Conference: ASPLOS 2012, London UK","ASPLOS 2012, Conference, London UK"
"2008 S&P (Symposium) in Oakland, USA","S&P 2008, Symposium, Oakland USA"
"Conference: OOPSLA 2008, Nashville USA","OOPSLA 2008, Conference, Nashville USA"
"USA Santa Clara, 1991, Conference, ASPLOS","ASPLOS 1991, Conference, Santa Clara USA"
"USA Greenville, 2016, Conference, IEEE VR","IEEE VR 2016, Conference, Greenville USA"
"Conference: EDBT 1990, Venice Italy","EDBT 1990, Conference, Venice Italy"
"Japan Nara, 2007, Symposium, ISMAR","ISMAR 2007, Symposium, Nara Japan"
"2010 IJCAR (Conference) in Edinburgh, UK","IJCAR 2010, Conference, Edinburgh UK"
"Conference: ISWC 2013, Sydney Australia","ISWC 2013, Conference, Sydney Australia"
"USA San Diego, 1989, Conference, CVPR","CVPR 1989, Conference, San Diego USA"
"2007 ESWC (Conference) in Innsbruck, Austria","ESWC 2007, Conference, Innsbruck Austria"
"2001 ISAR (Symposium) in New York, USA","ISAR 2001, Symposium, New York USA"
"Symposium: OSDI 2012, Hollywood USA","OSDI 2012, Symposium, Hollywood USA"
"Conference: PODS 1990, Nashville USA","PODS 1990, Conference, Nashville USA"
"USA Atlanta, 1997, Conference, OOPSLA","OOPSLA 1997, Conference, Atlanta USA"
"USA Rochester, 1990, Conference, COLT","COLT 1990, Conference, Rochester USA"
"Canada Montreal, 2007, Conference, OOPSLA","OOPSLA 2007, Conference, Montreal Canada"
"Conference: EuroCrypt 2005, Aarhus Denmark","EuroCrypt 2005, Conference, Aarhus Denmark"
"USA New Orleans, 1999, Symposium, OSDI","OSDI 1999, Symposium, New Orleans USA"
"Symposium: POPL 2010, Madrid Spain","POPL 2010, Symposium, Madrid Spain"
"2003 COLT (Conference) in Washington, USA","COLT 2003, Conference, Washington USA"
"Conference: PODS 2009, Providence USA","PODS 2009, Conference, Providence USA"
"USA Los Angeles, 2018, Symposium, ISCA","ISCA 2018, Symposium, Los Angeles USA"
"USA Washington, 2004, Conference, PLDI","PLDI 2004, Conference, Washington USA"
"Austria Vienna, 2018, Conference, EDBT","EDBT 2018, Conference, Vienna Austria"
"USA Minneapolis, 2014, Conference, IEEE VR","IEEE VR 2014, Conference, Minneapolis USA"
"Czech Republic Prague, 2013, Conference, ECML PKDD","ECML PKDD 2013, Conference, Prague Czech Republic"
"2016 OOPSLA (Conference) in Amsterdam, Netherlands","OOPSLA 2016, Conference, Amsterdam Netherlands"
"Australia Sydney, 2016, Conference, PERCOM","PERCOM 2016, Conference, Sydney Australia"
"Conference: ICSE 1989, Pittsburg USA","ICSE 1989, Conference, Pittsburg USA"
"1996 PODS (Conference) in Montreal, Canada","PODS 1996, Conference, Montreal Canada"
"1979 ICSE (Conference) in Munich, Germany","ICSE 1979, Conference, Munich Germany"
"2017 ISWC (Conference) in Vienna, Austria","ISWC 2017, Conference, Vienna Austria"
"2012 ISMAR (Symposium) in Atlanta, USA","ISMAR 2012, Symposium, Atlanta USA"
"Ireland Dublin, 2009, Conference, PLDI","PLDI 2009, Conference, Dublin Ireland"
"Symposium: ISCA 1998, Barcelona Sapin","ISCA 1998, Symposium, Barcelona Sapin"
"USA Salt Lake City, 2007, Conference, ICWS","ICWS 2007, Conference, Salt Lake City USA"
"Conference: IEEE VR 1999, Houston USA","IEEE VR 1999, Conference, Houston USA"
"USA San Francisco, 2012, Symposium, S&P","S&P 2012, Symposium, San Francisco USA"
"2008 ASPLOS (Conference) in Seattle, USA","ASPLOS 2008, Conference, Seattle USA"
